Year,ID,Name,State,Value,Anomaly (1901-2000 base period),Rank,1901-2000 Mean
2010,MN-001,Aitkin County,Minnesota,27.45,0.49,66,26.96
2010,MN-003,Anoka County,Minnesota,26.67,-2.54,41,29.21
2010,MN-005,Becker County,Minnesota,25.36,1.61,82,23.75
2010,MN-007,Beltrami County,Minnesota,22.94,-0.57,54,23.51
2010,MN-009,Benton County,Minnesota,27.65,0.96,70,26.69
2010,MN-011,Big Stone County,Minnesota,28.5,5.89,111,22.61
2010,MN-013,Blue Earth County,Minnesota,27.61,-1.24,52,28.85
2010,MN-015,Brown County,Minnesota,26.88,-0.95,55,27.83
2010,MN-017,Carlton County,Minnesota,28.45,0.48,66,27.97
2010,MN-019,Carver County,Minnesota,27.82,-0.72,59,28.54
2010,MN-021,Cass County,Minnesota,25.51,-0.05,52,25.56
2010,MN-023,Chippewa County,Minnesota,27.48,2.76,89,24.72
2010,MN-025,Chisago County,Minnesota,23.13,-6.15,12,29.28
2010,MN-027,Clay County,Minnesota,26.31,4.6,109,21.71
2010,MN-029,Clearwater County,Minnesota,24.25,0.68,69,23.57
2010,MN-031,Cook County,Minnesota,28.46,-0.83,52,29.29
2010,MN-033,Cottonwood County,Minnesota,27.39,0.53,70,26.86
2010,MN-035,Crow Wing County,Minnesota,29.49,3.76,95,25.73
2010,MN-037,Dakota County,Minnesota,27.75,-1.58,53,29.33
2010,MN-039,Dodge County,Minnesota,30.5,0.25,65,30.25
2010,MN-041,Douglas County,Minnesota,24.45,-0.37,58,24.82
2010,MN-043,Faribault County,Minnesota,31.19,1.58,79,29.61
2010,MN-045,Fillmore County,Minnesota,32.38,0.35,65,32.03
2010,MN-047,Freeborn County,Minnesota,31.21,0.39,67,30.82
2010,MN-049,Goodhue County,Minnesota,27.88,-1.92,47,29.8
2010,MN-051,Grant County,Minnesota,25.27,1.81,85,23.46
2010,MN-053,Hennepin County,Minnesota,26.61,-2.38,40,28.99
2010,MN-055,Houston County,Minnesota,32.49,0.21,59,32.28
2010,MN-057,Hubbard County,Minnesota,24.06,-1.15,47,25.21
2010,MN-059,Isanti County,Minnesota,25.08,-3.72,29,28.8
2010,MN-061,Itasca County,Minnesota,23.95,-1.45,40,25.4
2010,MN-063,Jackson County,Minnesota,29.32,1.84,84,27.48
2010,MN-065,Kanabec County,Minnesota,27.42,-0.49,54,27.91
2010,MN-067,Kandiyohi County,Minnesota,27.81,2.46,93,25.35
2010,MN-069,Kittson County,Minnesota,23.39,3.2,97,20.19
2010,MN-071,Koochiching County,Minnesota,25.88,0.27,60,25.61
2010,MN-073,Lac qui Parle County,Minnesota,27.5,3.61,97,23.89
2010,MN-075,Lake County,Minnesota,27.04,-1.58,40,28.62
2010,MN-077,Lake of the Woods County,Minnesota,22.87,-0.02,62,22.89
2010,MN-079,Le Sueur County,Minnesota,26.85,-2.28,42,29.13
2010,MN-081,Lincoln County,Minnesota,25.63,1.06,75,24.57
2010,MN-083,Lyon County,Minnesota,24.56,-0.28,65,24.84
2010,MN-085,McLeod County,Minnesota,27.74,0.12,65,27.62
2010,MN-087,Mahnomen County,Minnesota,26.1,3.1,94,23
2010,MN-089,Marshall County,Minnesota,22.86,2.25,94,20.61
2010,MN-091,Martin County,Minnesota,30.05,1.43,82,28.62
2010,MN-093,Meeker County,Minnesota,28.18,2.04,88,26.14
2010,MN-095,Mille Lacs County,Minnesota,26.98,-0.52,57,27.5
2010,MN-097,Morrison County,Minnesota,28.98,3.12,89,25.86
2010,MN-099,Mower County,Minnesota,34.06,2.42,82,31.64
2010,MN-101,Murray County,Minnesota,25.95,-0.09,69,26.04
2010,MN-103,Nicollet County,Minnesota,26.14,-2.83,42,28.97
2010,MN-105,Nobles County,Minnesota,28.18,1.1,76,27.08
2010,MN-107,Norman County,Minnesota,26.8,5.37,115,21.43
2010,MN-109,Olmsted County,Minnesota,30.59,-0.36,61,30.95
2010,MN-111,Otter Tail County,Minnesota,27.8,3.79,100,24.01
2010,MN-113,Pennington County,Minnesota,24.65,3.37,102,21.28
2010,MN-115,Pine County,Minnesota,26.55,-2.22,39,28.77
2010,MN-117,Pipestone County,Minnesota,25.57,0.58,72,24.99
2010,MN-119,Polk County,Minnesota,25.33,4.2,108,21.13
2010,MN-121,Pope County,Minnesota,26.08,1.66,79,24.42
2010,MN-123,Ramsey County,Minnesota,25.12,-4.01,31,29.13
2010,MN-125,Red Lake County,Minnesota,26.38,4.84,111,21.54
2010,MN-127,Redwood County,Minnesota,25.44,-0.49,56,25.93
2010,MN-129,Renville County,Minnesota,28.43,1.99,84,26.44
2010,MN-131,Rice County,Minnesota,29.02,-0.3,57,29.32
2010,MN-133,Rock County,Minnesota,25.38,-0.65,61,26.03
2010,MN-135,Roseau County,Minnesota,25.39,4.12,110,21.27
2010,MN-137,St. Louis County,Minnesota,25.85,-1.35,45,27.2
2010,MN-139,Scott County,Minnesota,27.91,-1.04,57,28.95
2010,MN-141,Sherburne County,Minnesota,26.83,-0.88,54,27.71
2010,MN-143,Sibley County,Minnesota,26.68,-1.91,50,28.59
2010,MN-145,Stearns County,Minnesota,29.9,4.49,100,25.41
2010,MN-147,Steele County,Minnesota,29.57,-0.05,62,29.62
2010,MN-149,Stevens County,Minnesota,25.26,1.95,83,23.31
2010,MN-151,Swift County,Minnesota,25.97,1.82,80,24.15
2010,MN-153,Todd County,Minnesota,26.84,1.79,78,25.05
2010,MN-155,Traverse County,Minnesota,25.78,3.68,101,22.1
2010,MN-157,Wabasha County,Minnesota,30.44,-0.19,59,30.63
2010,MN-159,Wadena County,Minnesota,27.1,1.73,84,25.37
2010,MN-161,Waseca County,Minnesota,27.57,-1.61,49,29.18
2010,MN-163,Washington County,Minnesota,26.4,-3.04,38,29.44
2010,MN-165,Watonwan County,Minnesota,26.98,-1.09,55,28.07
2010,MN-167,Wilkin County,Minnesota,27.81,5.63,116,22.18
2010,MN-169,Winona County,Minnesota,32.06,0.19,60,31.87
2010,MN-171,Wright County,Minnesota,28.34,0.71,67,27.63
2010,MN-173,Yellow Medicine County,Minnesota,26.36,1.72,77,24.64
2011,MN-001,Aitkin County,Minnesota,31.27,4.31,102,26.96
2011,MN-003,Anoka County,Minnesota,35.88,6.67,113,29.21
2011,MN-005,Becker County,Minnesota,32.74,8.99,129,23.75
2011,MN-007,Beltrami County,Minnesota,28.08,4.57,114,23.51
2011,MN-009,Benton County,Minnesota,36.42,9.73,123,26.69
2011,MN-011,Big Stone County,Minnesota,29.94,7.33,119,22.61
2011,MN-013,Blue Earth County,Minnesota,42.01,13.16,126,28.85
2011,MN-015,Brown County,Minnesota,37.53,9.7,121,27.83
2011,MN-017,Carlton County,Minnesota,33.65,5.68,110,27.97
2011,MN-019,Carver County,Minnesota,36.31,7.77,119,28.54
2011,MN-021,Cass County,Minnesota,30.22,4.66,113,25.56
2011,MN-023,Chippewa County,Minnesota,35.51,10.79,127,24.72
2011,MN-025,Chisago County,Minnesota,36.59,7.31,114,29.28
2011,MN-027,Clay County,Minnesota,31.63,9.92,129,21.71
2011,MN-029,Clearwater County,Minnesota,29.53,5.96,120,23.57
2011,MN-031,Cook County,Minnesota,28.35,-0.94,50,29.29
2011,MN-033,Cottonwood County,Minnesota,38.97,12.11,122,26.86
2011,MN-035,Crow Wing County,Minnesota,31.19,5.46,110,25.73
2011,MN-037,Dakota County,Minnesota,39.39,10.06,126,29.33
2011,MN-039,Dodge County,Minnesota,40.18,9.93,120,30.25
2011,MN-041,Douglas County,Minnesota,35.01,10.19,124,24.82
2011,MN-043,Faribault County,Minnesota,41.69,12.08,123,29.61
2011,MN-045,Fillmore County,Minnesota,41.49,9.46,119,32.03
2011,MN-047,Freeborn County,Minnesota,38.99,8.17,116,30.82
2011,MN-049,Goodhue County,Minnesota,41.5,11.7,125,29.8
2011,MN-051,Grant County,Minnesota,31.66,8.2,123,23.46
2011,MN-053,Hennepin County,Minnesota,35.34,6.35,110,28.99
2011,MN-055,Houston County,Minnesota,44.6,12.32,125,32.28
2011,MN-057,Hubbard County,Minnesota,29.6,4.39,111,25.21
2011,MN-059,Isanti County,Minnesota,37.22,8.42,119,28.8
2011,MN-061,Itasca County,Minnesota,30.23,4.83,114,25.4
2011,MN-063,Jackson County,Minnesota,37.98,10.5,123,27.48
2011,MN-065,Kanabec County,Minnesota,39.68,11.77,127,27.91
2011,MN-067,Kandiyohi County,Minnesota,36.97,11.62,128,25.35
2011,MN-069,Kittson County,Minnesota,30.1,9.91,129,20.19
2011,MN-071,Koochiching County,Minnesota,30.39,4.78,112,25.61
2011,MN-073,Lac qui Parle County,Minnesota,31.89,8,118,23.89
2011,MN-075,Lake County,Minnesota,28.24,-0.38,59,28.62
2011,MN-077,Lake of the Woods County,Minnesota,29.02,6.13,120,22.89
2011,MN-079,Le Sueur County,Minnesota,39.76,10.63,124,29.13
2011,MN-081,Lincoln County,Minnesota,39.55,14.98,128,24.57
2011,MN-083,Lyon County,Minnesota,40.04,15.2,127,24.84
2011,MN-085,McLeod County,Minnesota,36.39,8.77,124,27.62
2011,MN-087,Mahnomen County,Minnesota,32.3,9.3,128,23
2011,MN-089,Marshall County,Minnesota,27.96,7.35,126,20.61
2011,MN-091,Martin County,Minnesota,40.01,11.39,124,28.62
2011,MN-093,Meeker County,Minnesota,35.38,9.24,121,26.14
2011,MN-095,Mille Lacs County,Minnesota,38.24,10.74,126,27.5
2011,MN-097,Morrison County,Minnesota,33.49,7.63,121,25.86
2011,MN-099,Mower County,Minnesota,39.62,7.98,111,31.64
2011,MN-101,Murray County,Minnesota,38.41,12.37,125,26.04
2011,MN-103,Nicollet County,Minnesota,37.65,8.68,120,28.97
2011,MN-105,Nobles County,Minnesota,37.13,10.05,124,27.08
2011,MN-107,Norman County,Minnesota,30.49,9.06,128,21.43
2011,MN-109,Olmsted County,Minnesota,41.68,10.73,124,30.95
2011,MN-111,Otter Tail County,Minnesota,34.67,10.66,129,24.01
2011,MN-113,Pennington County,Minnesota,26.95,5.67,117,21.28
2011,MN-115,Pine County,Minnesota,38.4,9.63,124,28.77
2011,MN-117,Pipestone County,Minnesota,39.21,14.22,127,24.99
2011,MN-119,Polk County,Minnesota,29.62,8.49,129,21.13
2011,MN-121,Pope County,Minnesota,34.4,9.98,122,24.42
2011,MN-123,Ramsey County,Minnesota,36.35,7.22,112,29.13
2011,MN-125,Red Lake County,Minnesota,29.41,7.87,127,21.54
2011,MN-127,Redwood County,Minnesota,37.68,11.75,125,25.93
2011,MN-129,Renville County,Minnesota,38.1,11.66,126,26.44
2011,MN-131,Rice County,Minnesota,40.66,11.34,125,29.32
2011,MN-133,Rock County,Minnesota,39.05,13.02,126,26.03
2011,MN-135,Roseau County,Minnesota,28.42,7.15,124,21.27
2011,MN-137,St. Louis County,Minnesota,29.65,2.45,94,27.2
2011,MN-139,Scott County,Minnesota,38.4,9.46,122,28.95
2011,MN-141,Sherburne County,Minnesota,35.67,7.96,117,27.71
2011,MN-143,Sibley County,Minnesota,37.83,9.25,123,28.59
2011,MN-145,Stearns County,Minnesota,35.33,9.92,124,25.41
2011,MN-147,Steele County,Minnesota,39.22,9.6,118,29.62
2011,MN-149,Stevens County,Minnesota,31.44,8.13,121,23.31
2011,MN-151,Swift County,Minnesota,31.93,7.78,117,24.15
2011,MN-153,Todd County,Minnesota,34.18,9.13,126,25.05
2011,MN-155,Traverse County,Minnesota,28.26,6.16,114,22.1
2011,MN-157,Wabasha County,Minnesota,45.16,14.53,127,30.63
2011,MN-159,Wadena County,Minnesota,31.85,6.48,116,25.37
2011,MN-161,Waseca County,Minnesota,42.07,12.89,124,29.18
2011,MN-163,Washington County,Minnesota,37.61,8.17,116,29.44
2011,MN-165,Watonwan County,Minnesota,40.5,12.44,124,28.07
2011,MN-167,Wilkin County,Minnesota,32.15,9.97,127,22.18
2011,MN-169,Winona County,Minnesota,43.4,11.53,123,31.87
2011,MN-171,Wright County,Minnesota,34.14,6.51,115,27.63
2011,MN-173,Yellow Medicine County,Minnesota,37.16,12.52,127,24.64
2012,MN-001,Aitkin County,Minnesota,25.56,-1.4,44,26.96
2012,MN-003,Anoka County,Minnesota,30.94,1.73,82,29.21
2012,MN-005,Becker County,Minnesota,19.67,-4.08,18,23.75
2012,MN-007,Beltrami County,Minnesota,20.06,-3.45,26,23.51
2012,MN-009,Benton County,Minnesota,29.94,3.25,89,26.69
2012,MN-011,Big Stone County,Minnesota,23.55,0.94,76,22.61
2012,MN-013,Blue Earth County,Minnesota,25.55,-3.3,34,28.85
2012,MN-015,Brown County,Minnesota,22.84,-4.99,21,27.83
2012,MN-017,Carlton County,Minnesota,25.77,-2.2,37,27.97
2012,MN-019,Carver County,Minnesota,27.46,-1.08,51,28.54
2012,MN-021,Cass County,Minnesota,23.07,-2.49,31,25.56
2012,MN-023,Chippewa County,Minnesota,23.79,-0.93,56,24.72
2012,MN-025,Chisago County,Minnesota,27.48,-1.8,49,29.28
2012,MN-027,Clay County,Minnesota,22.87,1.16,73,21.71
2012,MN-029,Clearwater County,Minnesota,20.65,-2.92,33,23.57
2012,MN-031,Cook County,Minnesota,23.19,-6.1,11,29.29
2012,MN-033,Cottonwood County,Minnesota,24.57,-2.29,41,26.86
2012,MN-035,Crow Wing County,Minnesota,25.14,-0.59,50,25.73
2012,MN-037,Dakota County,Minnesota,28.13,-1.2,57,29.33
2012,MN-039,Dodge County,Minnesota,29.32,-0.93,55,30.25
2012,MN-041,Douglas County,Minnesota,26.96,2.14,90,24.82
2012,MN-043,Faribault County,Minnesota,27.45,-2.16,44,29.61
2012,MN-045,Fillmore County,Minnesota,29.72,-2.31,39,32.03
2012,MN-047,Freeborn County,Minnesota,28.5,-2.32,42,30.82
2012,MN-049,Goodhue County,Minnesota,29.51,-0.29,62,29.8
2012,MN-051,Grant County,Minnesota,24.14,0.68,70,23.46
2012,MN-053,Hennepin County,Minnesota,29.23,0.24,67,28.99
2012,MN-055,Houston County,Minnesota,32.2,-0.08,56,32.28
2012,MN-057,Hubbard County,Minnesota,20.99,-4.22,21,25.21
2012,MN-059,Isanti County,Minnesota,31.1,2.3,85,28.8
2012,MN-061,Itasca County,Minnesota,23.52,-1.88,39,25.4
2012,MN-063,Jackson County,Minnesota,26.98,-0.5,57,27.48
2012,MN-065,Kanabec County,Minnesota,29.63,1.72,72,27.91
2012,MN-067,Kandiyohi County,Minnesota,25.9,0.55,69,25.35
2012,MN-069,Kittson County,Minnesota,16.66,-3.53,25,20.19
2012,MN-071,Koochiching County,Minnesota,21.1,-4.51,16,25.61
2012,MN-073,Lac qui Parle County,Minnesota,23.59,-0.3,63,23.89
2012,MN-075,Lake County,Minnesota,21.83,-6.79,5,28.62
2012,MN-077,Lake of the Woods County,Minnesota,17.58,-5.31,9,22.89
2012,MN-079,Le Sueur County,Minnesota,26.33,-2.8,37,29.13
2012,MN-081,Lincoln County,Minnesota,25.17,0.6,69,24.57
2012,MN-083,Lyon County,Minnesota,23.3,-1.54,48,24.84
2012,MN-085,McLeod County,Minnesota,24.75,-2.87,43,27.62
2012,MN-087,Mahnomen County,Minnesota,19.71,-3.29,26,23
2012,MN-089,Marshall County,Minnesota,17.61,-3,29,20.61
2012,MN-091,Martin County,Minnesota,25.55,-3.07,34,28.62
2012,MN-093,Meeker County,Minnesota,26.19,0.05,64,26.14
2012,MN-095,Mille Lacs County,Minnesota,31.11,3.61,92,27.5
2012,MN-097,Morrison County,Minnesota,27.53,1.67,69,25.86
2012,MN-099,Mower County,Minnesota,28.85,-2.79,39,31.64
2012,MN-101,Murray County,Minnesota,26.3,0.26,70,26.04
2012,MN-103,Nicollet County,Minnesota,23.06,-5.91,19,28.97
2012,MN-105,Nobles County,Minnesota,27.07,-0.01,66,27.08
2012,MN-107,Norman County,Minnesota,21.01,-0.42,57,21.43
2012,MN-109,Olmsted County,Minnesota,30.35,-0.6,60,30.95
2012,MN-111,Otter Tail County,Minnesota,21.45,-2.56,26,24.01
2012,MN-113,Pennington County,Minnesota,16.92,-4.36,21,21.28
2012,MN-115,Pine County,Minnesota,28.08,-0.69,53,28.77
2012,MN-117,Pipestone County,Minnesota,28.46,3.47,94,24.99
2012,MN-119,Polk County,Minnesota,18.9,-2.23,34,21.13
2012,MN-121,Pope County,Minnesota,27.41,2.99,90,24.42
2012,MN-123,Ramsey County,Minnesota,30.45,1.32,69,29.13
2012,MN-125,Red Lake County,Minnesota,18.2,-3.34,28,21.54
2012,MN-127,Redwood County,Minnesota,23.26,-2.67,41,25.93
2012,MN-129,Renville County,Minnesota,24.72,-1.72,48,26.44
2012,MN-131,Rice County,Minnesota,29.65,0.33,63,29.32
2012,MN-133,Rock County,Minnesota,26.2,0.17,69,26.03
2012,MN-135,Roseau County,Minnesota,16.27,-5,9,21.27
2012,MN-137,St. Louis County,Minnesota,21.65,-5.55,12,27.2
2012,MN-139,Scott County,Minnesota,27.59,-1.36,53,28.95
2012,MN-141,Sherburne County,Minnesota,29.63,1.92,82,27.71
2012,MN-143,Sibley County,Minnesota,23.28,-5.31,22,28.59
2012,MN-145,Stearns County,Minnesota,28.45,3.04,86,25.41
2012,MN-147,Steele County,Minnesota,28.39,-1.23,52,29.62
2012,MN-149,Stevens County,Minnesota,24,0.69,68,23.31
2012,MN-151,Swift County,Minnesota,23.94,-0.21,63,24.15
2012,MN-153,Todd County,Minnesota,25.4,0.35,61,25.05
2012,MN-155,Traverse County,Minnesota,24.1,2,82,22.1
2012,MN-157,Wabasha County,Minnesota,30.49,-0.14,60,30.63
2012,MN-159,Wadena County,Minnesota,21.1,-4.27,17,25.37
2012,MN-161,Waseca County,Minnesota,27.17,-2.01,45,29.18
2012,MN-163,Washington County,Minnesota,28.81,-0.63,56,29.44
2012,MN-165,Watonwan County,Minnesota,23.82,-4.25,27,28.07
2012,MN-167,Wilkin County,Minnesota,22.73,0.55,69,22.18
2012,MN-169,Winona County,Minnesota,31.44,-0.43,55,31.87
2012,MN-171,Wright County,Minnesota,29.12,1.49,82,27.63
2012,MN-173,Yellow Medicine County,Minnesota,23.24,-1.4,51,24.64
2013,MN-001,Aitkin County,Minnesota,36.17,9.21,124,26.96
2013,MN-003,Anoka County,Minnesota,30.11,0.9,68,29.21
2013,MN-005,Becker County,Minnesota,23.83,0.08,62,23.75
2013,MN-007,Beltrami County,Minnesota,22.1,-1.41,43,23.51
2013,MN-009,Benton County,Minnesota,27.06,0.37,60,26.69
2013,MN-011,Big Stone County,Minnesota,19.66,-2.95,29,22.61
2013,MN-013,Blue Earth County,Minnesota,25.55,-3.3,34,28.85
2013,MN-015,Brown County,Minnesota,25.58,-2.25,44,27.83
2013,MN-017,Carlton County,Minnesota,37.35,9.38,124,27.97
2013,MN-019,Carver County,Minnesota,32.25,3.71,94,28.54
2013,MN-021,Cass County,Minnesota,30.75,5.19,114,25.56
2013,MN-023,Chippewa County,Minnesota,23.01,-1.71,43,24.72
2013,MN-025,Chisago County,Minnesota,29.02,-0.26,62,29.28
2013,MN-027,Clay County,Minnesota,18.87,-2.84,29,21.71
2013,MN-029,Clearwater County,Minnesota,22.07,-1.5,43,23.57
2013,MN-031,Cook County,Minnesota,35.76,6.47,117,29.29
2013,MN-033,Cottonwood County,Minnesota,25.62,-1.24,54,26.86
2013,MN-035,Crow Wing County,Minnesota,34.97,9.24,124,25.73
2013,MN-037,Dakota County,Minnesota,31.29,1.96,75,29.33
2013,MN-039,Dodge County,Minnesota,29.7,-0.55,57,30.25
2013,MN-041,Douglas County,Minnesota,23.48,-1.34,47,24.82
2013,MN-043,Faribault County,Minnesota,23.87,-5.74,18,29.61
2013,MN-045,Fillmore County,Minnesota,28.9,-3.13,33,32.03
2013,MN-047,Freeborn County,Minnesota,24,-6.82,12,30.82
2013,MN-049,Goodhue County,Minnesota,32.57,2.77,83,29.8
2013,MN-051,Grant County,Minnesota,21.3,-2.16,33,23.46
2013,MN-053,Hennepin County,Minnesota,30.44,1.45,76,28.99
2013,MN-055,Houston County,Minnesota,31.99,-0.29,53,32.28
2013,MN-057,Hubbard County,Minnesota,25.13,-0.08,62,25.21
2013,MN-059,Isanti County,Minnesota,28.75,-0.05,64,28.8
2013,MN-061,Itasca County,Minnesota,30.44,5.04,115,25.4
2013,MN-063,Jackson County,Minnesota,25.63,-1.85,47,27.48
2013,MN-065,Kanabec County,Minnesota,31.19,3.28,89,27.91
2013,MN-067,Kandiyohi County,Minnesota,23.62,-1.73,45,25.35
2013,MN-069,Kittson County,Minnesota,18.45,-1.74,43,20.19
2013,MN-071,Koochiching County,Minnesota,25.78,0.17,58,25.61
2013,MN-073,Lac qui Parle County,Minnesota,20.38,-3.51,28,23.89
2013,MN-075,Lake County,Minnesota,34.15,5.53,114,28.62
2013,MN-077,Lake of the Woods County,Minnesota,21.75,-1.14,48,22.89
2013,MN-079,Le Sueur County,Minnesota,30.47,1.34,73,29.13
2013,MN-081,Lincoln County,Minnesota,24.38,-0.19,62,24.57
2013,MN-083,Lyon County,Minnesota,24.28,-0.56,60,24.84
2013,MN-085,McLeod County,Minnesota,27.57,-0.05,61,27.62
2013,MN-087,Mahnomen County,Minnesota,21.63,-1.37,45,23
2013,MN-089,Marshall County,Minnesota,16.44,-4.17,21,20.61
2013,MN-091,Martin County,Minnesota,23.61,-5.01,20,28.62
2013,MN-093,Meeker County,Minnesota,24.21,-1.93,46,26.14
2013,MN-095,Mille Lacs County,Minnesota,30.93,3.43,90,27.5
2013,MN-097,Morrison County,Minnesota,28.45,2.59,84,25.86
2013,MN-099,Mower County,Minnesota,25.19,-6.45,15,31.64
2013,MN-101,Murray County,Minnesota,25.9,-0.14,68,26.04
2013,MN-103,Nicollet County,Minnesota,27.95,-1.02,57,28.97
2013,MN-105,Nobles County,Minnesota,24.38,-2.7,39,27.08
2013,MN-107,Norman County,Minnesota,17.82,-3.61,19,21.43
2013,MN-109,Olmsted County,Minnesota,28.5,-2.45,39,30.95
2013,MN-111,Otter Tail County,Minnesota,24.63,0.62,64,24.01
2013,MN-113,Pennington County,Minnesota,14.8,-6.48,7,21.28
2013,MN-115,Pine County,Minnesota,32.9,4.13,95,28.77
2013,MN-117,Pipestone County,Minnesota,26.43,1.44,80,24.99
2013,MN-119,Polk County,Minnesota,17.6,-3.53,23,21.13
2013,MN-121,Pope County,Minnesota,22.31,-2.11,37,24.42
2013,MN-123,Ramsey County,Minnesota,30.09,0.96,67,29.13
2013,MN-125,Red Lake County,Minnesota,16.35,-5.19,11,21.54
2013,MN-127,Redwood County,Minnesota,25.43,-0.5,55,25.93
2013,MN-129,Renville County,Minnesota,25,-1.44,51,26.44
2013,MN-131,Rice County,Minnesota,32.32,3,83,29.32
2013,MN-133,Rock County,Minnesota,22.08,-3.95,26,26.03
2013,MN-135,Roseau County,Minnesota,18.58,-2.69,33,21.27
2013,MN-137,St. Louis County,Minnesota,33.18,5.98,119,27.2
2013,MN-139,Scott County,Minnesota,33.05,4.11,92,28.95
2013,MN-141,Sherburne County,Minnesota,27.65,-0.06,64,27.71
2013,MN-143,Sibley County,Minnesota,28.56,-0.03,67,28.59
2013,MN-145,Stearns County,Minnesota,24.93,-0.48,54,25.41
2013,MN-147,Steele County,Minnesota,29.71,0.09,65,29.62
2013,MN-149,Stevens County,Minnesota,20.33,-2.98,32,23.31
2013,MN-151,Swift County,Minnesota,21.21,-2.94,32,24.15
2013,MN-153,Todd County,Minnesota,25.62,0.57,66,25.05
2013,MN-155,Traverse County,Minnesota,20.63,-1.47,44,22.1
2013,MN-157,Wabasha County,Minnesota,30.01,-0.62,52,30.63
2013,MN-159,Wadena County,Minnesota,27.41,2.04,88,25.37
2013,MN-161,Waseca County,Minnesota,26.51,-2.67,38,29.18
2013,MN-163,Washington County,Minnesota,30.79,1.35,77,29.44
2013,MN-165,Watonwan County,Minnesota,25.01,-3.06,33,28.07
2013,MN-167,Wilkin County,Minnesota,19.6,-2.58,26,22.18
2013,MN-169,Winona County,Minnesota,28.6,-3.27,35,31.87
2013,MN-171,Wright County,Minnesota,29.55,1.92,85,27.63
2013,MN-173,Yellow Medicine County,Minnesota,23.1,-1.54,48,24.64
2014,MN-001,Aitkin County,Minnesota,28.69,1.73,79,26.96
2014,MN-003,Anoka County,Minnesota,30.92,1.71,81,29.21
2014,MN-005,Becker County,Minnesota,28.2,4.45,106,23.75
2014,MN-007,Beltrami County,Minnesota,24.14,0.63,66,23.51
2014,MN-009,Benton County,Minnesota,29.9,3.21,88,26.69
2014,MN-011,Big Stone County,Minnesota,26.1,3.49,94,22.61
2014,MN-013,Blue Earth County,Minnesota,32.93,4.08,98,28.85
2014,MN-015,Brown County,Minnesota,25.79,-2.04,47,27.83
2014,MN-017,Carlton County,Minnesota,30.74,2.77,89,27.97
2014,MN-019,Carver County,Minnesota,33.27,4.73,98,28.54
2014,MN-021,Cass County,Minnesota,26.7,1.14,75,25.56
2014,MN-023,Chippewa County,Minnesota,28.91,4.19,99,24.72
2014,MN-025,Chisago County,Minnesota,29.55,0.27,69,29.28
2014,MN-027,Clay County,Minnesota,28.27,6.56,120,21.71
2014,MN-029,Clearwater County,Minnesota,25.42,1.85,88,23.57
2014,MN-031,Cook County,Minnesota,35.33,6.04,116,29.29
2014,MN-033,Cottonwood County,Minnesota,26.67,-0.19,66,26.86
2014,MN-035,Crow Wing County,Minnesota,30.75,5.02,108,25.73
2014,MN-037,Dakota County,Minnesota,31.52,2.19,80,29.33
2014,MN-039,Dodge County,Minnesota,38.95,8.7,116,30.25
2014,MN-041,Douglas County,Minnesota,27.47,2.65,94,24.82
2014,MN-043,Faribault County,Minnesota,36.38,6.77,115,29.61
2014,MN-045,Fillmore County,Minnesota,45.63,13.6,126,32.03
2014,MN-047,Freeborn County,Minnesota,41.65,10.83,122,30.82
2014,MN-049,Goodhue County,Minnesota,34.88,5.08,99,29.8
2014,MN-051,Grant County,Minnesota,27.88,4.42,107,23.46
2014,MN-053,Hennepin County,Minnesota,32.65,3.66,95,28.99
2014,MN-055,Houston County,Minnesota,44.06,11.78,124,32.28
2014,MN-057,Hubbard County,Minnesota,25.52,0.31,70,25.21
2014,MN-059,Isanti County,Minnesota,30.48,1.68,80,28.8
2014,MN-061,Itasca County,Minnesota,24.93,-0.47,48,25.4
2014,MN-063,Jackson County,Minnesota,25.65,-1.83,48,27.48
2014,MN-065,Kanabec County,Minnesota,31.91,4,95,27.91
2014,MN-067,Kandiyohi County,Minnesota,28.82,3.47,98,25.35
2014,MN-069,Kittson County,Minnesota,21.4,1.21,75,20.19
2014,MN-071,Koochiching County,Minnesota,26.77,1.16,73,25.61
2014,MN-073,Lac qui Parle County,Minnesota,25.84,1.95,82,23.89
2014,MN-075,Lake County,Minnesota,34.11,5.49,112,28.62
2014,MN-077,Lake of the Woods County,Minnesota,24.1,1.21,76,22.89
2014,MN-079,Le Sueur County,Minnesota,29.91,0.78,68,29.13
2014,MN-081,Lincoln County,Minnesota,27.07,2.5,87,24.57
2014,MN-083,Lyon County,Minnesota,25.07,0.23,70,24.84
2014,MN-085,McLeod County,Minnesota,30.37,2.75,91,27.62
2014,MN-087,Mahnomen County,Minnesota,26.51,3.51,99,23
2014,MN-089,Marshall County,Minnesota,20.61,0,58,20.61
2014,MN-091,Martin County,Minnesota,28.19,-0.43,65,28.62
2014,MN-093,Meeker County,Minnesota,28.79,2.65,94,26.14
2014,MN-095,Mille Lacs County,Minnesota,31.73,4.23,97,27.5
2014,MN-097,Morrison County,Minnesota,31.5,5.64,108,25.86
2014,MN-099,Mower County,Minnesota,43.1,11.46,124,31.64
2014,MN-101,Murray County,Minnesota,25.21,-0.83,64,26.04
2014,MN-103,Nicollet County,Minnesota,27.87,-1.1,55,28.97
2014,MN-105,Nobles County,Minnesota,25.79,-1.29,55,27.08
2014,MN-107,Norman County,Minnesota,23.7,2.27,87,21.43
2014,MN-109,Olmsted County,Minnesota,40.25,9.3,114,30.95
2014,MN-111,Otter Tail County,Minnesota,30.78,6.77,118,24.01
2014,MN-113,Pennington County,Minnesota,20.56,-0.72,55,21.28
2014,MN-115,Pine County,Minnesota,29.72,0.95,67,28.77
2014,MN-117,Pipestone County,Minnesota,26.12,1.13,78,24.99
2014,MN-119,Polk County,Minnesota,21.31,0.18,60,21.13
2014,MN-121,Pope County,Minnesota,27.63,3.21,94,24.42
2014,MN-123,Ramsey County,Minnesota,32.23,3.1,91,29.13
2014,MN-125,Red Lake County,Minnesota,21.31,-0.23,61,21.54
2014,MN-127,Redwood County,Minnesota,23.67,-2.26,46,25.93
2014,MN-129,Renville County,Minnesota,27.1,0.66,73,26.44
2014,MN-131,Rice County,Minnesota,35.14,5.82,103,29.32
2014,MN-133,Rock County,Minnesota,25.47,-0.56,62,26.03
2014,MN-135,Roseau County,Minnesota,21.94,0.67,66,21.27
2014,MN-137,St. Louis County,Minnesota,29.02,1.82,88,27.2
2014,MN-139,Scott County,Minnesota,32.32,3.38,85,28.95
2014,MN-141,Sherburne County,Minnesota,28.78,1.07,75,27.71
2014,MN-143,Sibley County,Minnesota,29.35,0.77,72,28.59
2014,MN-145,Stearns County,Minnesota,29.43,4.02,96,25.41
2014,MN-147,Steele County,Minnesota,37.52,7.9,113,29.62
2014,MN-149,Stevens County,Minnesota,27.25,3.94,98,23.31
2014,MN-151,Swift County,Minnesota,27.32,3.17,91,24.15
2014,MN-153,Todd County,Minnesota,30.55,5.5,106,25.05
2014,MN-155,Traverse County,Minnesota,27.31,5.21,107,22.1
2014,MN-157,Wabasha County,Minnesota,35.88,5.25,100,30.63
2014,MN-159,Wadena County,Minnesota,29.04,3.67,103,25.37
2014,MN-161,Waseca County,Minnesota,37.7,8.52,118,29.18
2014,MN-163,Washington County,Minnesota,31.41,1.97,84,29.44
2014,MN-165,Watonwan County,Minnesota,30.33,2.27,89,28.07
2014,MN-167,Wilkin County,Minnesota,28.49,6.31,117,22.18
2014,MN-169,Winona County,Minnesota,41.13,9.26,118,31.87
2014,MN-171,Wright County,Minnesota,31.53,3.9,100,27.63
2014,MN-173,Yellow Medicine County,Minnesota,27.25,2.61,95,24.64
2015,MN-001,Aitkin County,Minnesota,31.49,4.53,104,26.96
2015,MN-003,Anoka County,Minnesota,34.91,5.7,106,29.21
2015,MN-005,Becker County,Minnesota,24.13,0.38,66,23.75
2015,MN-007,Beltrami County,Minnesota,24.47,0.96,73,23.51
2015,MN-009,Benton County,Minnesota,34.91,8.22,119,26.69
2015,MN-011,Big Stone County,Minnesota,25.64,3.03,91,22.61
2015,MN-013,Blue Earth County,Minnesota,30.01,1.16,76,28.85
2015,MN-015,Brown County,Minnesota,28.91,1.08,73,27.83
2015,MN-017,Carlton County,Minnesota,31.86,3.89,98,27.97
2015,MN-019,Carver County,Minnesota,35.33,6.79,113,28.54
2015,MN-021,Cass County,Minnesota,27.26,1.7,85,25.56
2015,MN-023,Chippewa County,Minnesota,31.42,6.7,112,24.72
2015,MN-025,Chisago County,Minnesota,36.86,7.58,116,29.28
2015,MN-027,Clay County,Minnesota,22.35,0.64,62,21.71
2015,MN-029,Clearwater County,Minnesota,23.31,-0.26,54,23.57
2015,MN-031,Cook County,Minnesota,32.81,3.52,98,29.29
2015,MN-033,Cottonwood County,Minnesota,27.47,0.61,71,26.86
2015,MN-035,Crow Wing County,Minnesota,30.69,4.96,107,25.73
2015,MN-037,Dakota County,Minnesota,33.12,3.79,94,29.33
2015,MN-039,Dodge County,Minnesota,35.17,4.92,98,30.25
2015,MN-041,Douglas County,Minnesota,29.94,5.12,110,24.82
2015,MN-043,Faribault County,Minnesota,30.76,1.15,74,29.61
2015,MN-045,Fillmore County,Minnesota,37,4.97,97,32.03
2015,MN-047,Freeborn County,Minnesota,33.51,2.69,85,30.82
2015,MN-049,Goodhue County,Minnesota,34.08,4.28,94,29.8
2015,MN-051,Grant County,Minnesota,25.77,2.31,90,23.46
2015,MN-053,Hennepin County,Minnesota,33.99,5,102,28.99
2015,MN-055,Houston County,Minnesota,38.27,5.99,105,32.28
2015,MN-057,Hubbard County,Minnesota,24.48,-0.73,53,25.21
2015,MN-059,Isanti County,Minnesota,36.33,7.53,114,28.8
2015,MN-061,Itasca County,Minnesota,27.06,1.66,75,25.4
2015,MN-063,Jackson County,Minnesota,26.57,-0.91,55,27.48
2015,MN-065,Kanabec County,Minnesota,39.46,11.55,125,27.91
2015,MN-067,Kandiyohi County,Minnesota,30.61,5.26,102,25.35
2015,MN-069,Kittson County,Minnesota,21.48,1.29,76,20.19
2015,MN-071,Koochiching County,Minnesota,29.86,4.25,110,25.61
2015,MN-073,Lac qui Parle County,Minnesota,28.76,4.87,105,23.89
2015,MN-075,Lake County,Minnesota,30.24,1.62,79,28.62
2015,MN-077,Lake of the Woods County,Minnesota,28.54,5.65,115,22.89
2015,MN-079,Le Sueur County,Minnesota,32.22,3.09,86,29.13
2015,MN-081,Lincoln County,Minnesota,25.28,0.71,71,24.57
2015,MN-083,Lyon County,Minnesota,24.84,0,67,24.84
2015,MN-085,McLeod County,Minnesota,30.58,2.96,94,27.62
2015,MN-087,Mahnomen County,Minnesota,23.7,0.7,67,23
2015,MN-089,Marshall County,Minnesota,20.72,0.11,62,20.61
2015,MN-091,Martin County,Minnesota,28.32,-0.3,67,28.62
2015,MN-093,Meeker County,Minnesota,28.46,2.32,92,26.14
2015,MN-095,Mille Lacs County,Minnesota,38.23,10.73,125,27.5
2015,MN-097,Morrison County,Minnesota,33.36,7.5,119,25.86
2015,MN-099,Mower County,Minnesota,35.33,3.69,89,31.64
2015,MN-101,Murray County,Minnesota,27.4,1.36,77,26.04
2015,MN-103,Nicollet County,Minnesota,29.11,0.14,69,28.97
2015,MN-105,Nobles County,Minnesota,25.12,-1.96,51,27.08
2015,MN-107,Norman County,Minnesota,21.29,-0.14,63,21.43
2015,MN-109,Olmsted County,Minnesota,35.59,4.64,95,30.95
2015,MN-111,Otter Tail County,Minnesota,25.98,1.97,89,24.01
2015,MN-113,Pennington County,Minnesota,18.64,-2.64,33,21.28
2015,MN-115,Pine County,Minnesota,35.37,6.6,113,28.77
2015,MN-117,Pipestone County,Minnesota,26.33,1.34,79,24.99
2015,MN-119,Polk County,Minnesota,21.29,0.16,59,21.13
2015,MN-121,Pope County,Minnesota,32.1,7.68,117,24.42
2015,MN-123,Ramsey County,Minnesota,33.66,4.53,100,29.13
2015,MN-125,Red Lake County,Minnesota,19.8,-1.74,42,21.54
2015,MN-127,Redwood County,Minnesota,26.75,0.82,73,25.93
2015,MN-129,Renville County,Minnesota,28.82,2.38,88,26.44
2015,MN-131,Rice County,Minnesota,35.69,6.37,107,29.32
2015,MN-133,Rock County,Minnesota,25.47,-0.56,62,26.03
2015,MN-135,Roseau County,Minnesota,21.92,0.65,65,21.27
2015,MN-137,St. Louis County,Minnesota,28.79,1.59,82,27.2
2015,MN-139,Scott County,Minnesota,35.56,6.62,110,28.95
2015,MN-141,Sherburne County,Minnesota,35.28,7.57,114,27.71
2015,MN-143,Sibley County,Minnesota,30.77,2.19,86,28.59
2015,MN-145,Stearns County,Minnesota,31.67,6.26,112,25.41
2015,MN-147,Steele County,Minnesota,33.99,4.37,91,29.62
2015,MN-149,Stevens County,Minnesota,27.19,3.88,97,23.31
2015,MN-151,Swift County,Minnesota,31.3,7.15,114,24.15
2015,MN-153,Todd County,Minnesota,30.27,5.22,104,25.05
2015,MN-155,Traverse County,Minnesota,23.13,1.03,69,22.1
2015,MN-157,Wabasha County,Minnesota,34.27,3.64,93,30.63
2015,MN-159,Wadena County,Minnesota,26.05,0.68,74,25.37
2015,MN-161,Waseca County,Minnesota,32.67,3.49,88,29.18
2015,MN-163,Washington County,Minnesota,36.37,6.93,111,29.44
2015,MN-165,Watonwan County,Minnesota,29.16,1.1,73,28.07
2015,MN-167,Wilkin County,Minnesota,22.28,0.1,63,22.18
2015,MN-169,Winona County,Minnesota,38.66,6.79,107,31.87
2015,MN-171,Wright County,Minnesota,33.64,6.01,107,27.63
2015,MN-173,Yellow Medicine County,Minnesota,27.64,3,96,24.64
,,,,,,,
2016,MN-001,Aitkin County,Minnesota,30.4,3.44,94,26.96
2016,MN-003,Anoka County,Minnesota,35.01,5.8,107,29.21
2016,MN-005,Becker County,Minnesota,26.25,2.5,90,23.75
2016,MN-007,Beltrami County,Minnesota,24.62,1.11,80,23.51
2016,MN-009,Benton County,Minnesota,33.2,6.51,109,26.69
2016,MN-011,Big Stone County,Minnesota,23.45,0.84,74,22.61
2016,MN-013,Blue Earth County,Minnesota,36.65,7.8,118,28.85
2016,MN-015,Brown County,Minnesota,29.55,1.72,78,27.83
2016,MN-017,Carlton County,Minnesota,31.37,3.4,94,27.97
2016,MN-019,Carver County,Minnesota,34.44,5.9,110,28.54
2016,MN-021,Cass County,Minnesota,27.87,2.31,89,25.56
2016,MN-023,Chippewa County,Minnesota,27.32,2.6,84,24.72
2016,MN-025,Chisago County,Minnesota,34.91,5.63,109,29.28
2016,MN-027,Clay County,Minnesota,22,0.29,59,21.71
2016,MN-029,Clearwater County,Minnesota,24.77,1.2,78,23.57
2016,MN-031,Cook County,Minnesota,36.69,7.4,121,29.29
2016,MN-033,Cottonwood County,Minnesota,33.54,6.68,112,26.86
2016,MN-035,Crow Wing County,Minnesota,27.22,1.49,72,25.73
2016,MN-037,Dakota County,Minnesota,38.18,8.85,119,29.33
2016,MN-039,Dodge County,Minnesota,38.48,8.23,112,30.25
2016,MN-041,Douglas County,Minnesota,27.2,2.38,92,24.82
2016,MN-043,Faribault County,Minnesota,34.81,5.2,103,29.61
2016,MN-045,Fillmore County,Minnesota,35.73,3.7,91,32.03
2016,MN-047,Freeborn County,Minnesota,41.36,10.54,121,30.82
2016,MN-049,Goodhue County,Minnesota,38.87,9.07,118,29.8
2016,MN-051,Grant County,Minnesota,24.38,0.92,73,23.46
2016,MN-053,Hennepin County,Minnesota,35.03,6.04,108,28.99
2016,MN-055,Houston County,Minnesota,36.04,3.76,96,32.28
2016,MN-057,Hubbard County,Minnesota,27.82,2.61,94,25.21
2016,MN-059,Isanti County,Minnesota,32.54,3.74,93,28.8
2016,MN-061,Itasca County,Minnesota,28.66,3.26,105,25.4
2016,MN-063,Jackson County,Minnesota,32.32,4.84,102,27.48
2016,MN-065,Kanabec County,Minnesota,33.56,5.65,107,27.91
2016,MN-067,Kandiyohi County,Minnesota,27.72,2.37,91,25.35
2016,MN-069,Kittson County,Minnesota,24.84,4.65,114,20.19
2016,MN-071,Koochiching County,Minnesota,28.24,2.63,88,25.61
2016,MN-073,Lac qui Parle County,Minnesota,26.08,2.19,84,23.89
2016,MN-075,Lake County,Minnesota,32.63,4.01,100,28.62
2016,MN-077,Lake of the Woods County,Minnesota,25.74,2.85,98,22.89
2016,MN-079,Le Sueur County,Minnesota,38.26,9.13,122,29.13
2016,MN-081,Lincoln County,Minnesota,29.65,5.08,105,24.57
2016,MN-083,Lyon County,Minnesota,28.44,3.6,95,24.84
2016,MN-085,McLeod County,Minnesota,29.42,1.8,82,27.62
2016,MN-087,Mahnomen County,Minnesota,25.07,2.07,86,23
2016,MN-089,Marshall County,Minnesota,21.12,0.51,66,20.61
2016,MN-091,Martin County,Minnesota,33.4,4.78,107,28.62
2016,MN-093,Meeker County,Minnesota,28.02,1.88,86,26.14
2016,MN-095,Mille Lacs County,Minnesota,32.86,5.36,102,27.5
2016,MN-097,Morrison County,Minnesota,29.18,3.32,93,25.86
2016,MN-099,Mower County,Minnesota,41.01,9.37,118,31.64
2016,MN-101,Murray County,Minnesota,33.26,7.22,115,26.04
2016,MN-103,Nicollet County,Minnesota,33.21,4.24,105,28.97
2016,MN-105,Nobles County,Minnesota,31.23,4.15,95,27.08
2016,MN-107,Norman County,Minnesota,20.81,-0.62,52,21.43
2016,MN-109,Olmsted County,Minnesota,37.17,6.22,105,30.95
2016,MN-111,Otter Tail County,Minnesota,23.01,-1,48,24.01
2016,MN-113,Pennington County,Minnesota,18.83,-2.45,37,21.28
2016,MN-115,Pine County,Minnesota,33.72,4.95,104,28.77
2016,MN-117,Pipestone County,Minnesota,33.13,8.14,118,24.99
2016,MN-119,Polk County,Minnesota,20.6,-0.53,51,21.13
2016,MN-121,Pope County,Minnesota,27.55,3.13,93,24.42
2016,MN-123,Ramsey County,Minnesota,36.75,7.62,116,29.13
2016,MN-125,Red Lake County,Minnesota,20.29,-1.25,47,21.54
2016,MN-127,Redwood County,Minnesota,27.82,1.89,85,25.93
2016,MN-129,Renville County,Minnesota,25.65,-0.79,56,26.44
2016,MN-131,Rice County,Minnesota,40.66,11.34,125,29.32
2016,MN-133,Rock County,Minnesota,29.66,3.63,98,26.03
2016,MN-135,Roseau County,Minnesota,25.72,4.45,112,21.27
2016,MN-137,St. Louis County,Minnesota,31.35,4.15,104,27.2
2016,MN-139,Scott County,Minnesota,34.86,5.92,108,28.95
2016,MN-141,Sherburne County,Minnesota,33.83,6.12,109,27.71
2016,MN-143,Sibley County,Minnesota,29.43,0.85,73,28.59
2016,MN-145,Stearns County,Minnesota,29.39,3.98,95,25.41
2016,MN-147,Steele County,Minnesota,40.56,10.94,123,29.62
2016,MN-149,Stevens County,Minnesota,25.77,2.46,88,23.31
2016,MN-151,Swift County,Minnesota,27.09,2.94,87,24.15
2016,MN-153,Todd County,Minnesota,27.96,2.91,87,25.05
2016,MN-155,Traverse County,Minnesota,21.52,-0.58,54,22.1
2016,MN-157,Wabasha County,Minnesota,37.86,7.23,110,30.63
2016,MN-159,Wadena County,Minnesota,26.05,0.68,74,25.37
2016,MN-161,Waseca County,Minnesota,40.47,11.29,122,29.18
2016,MN-163,Washington County,Minnesota,39.24,9.8,120,29.44
2016,MN-165,Watonwan County,Minnesota,32.6,4.54,105,28.07
2016,MN-167,Wilkin County,Minnesota,19.15,-3.03,22,22.18
2016,MN-169,Winona County,Minnesota,37.33,5.46,101,31.87
2016,MN-171,Wright County,Minnesota,33.79,6.16,109,27.63
2016,MN-173,Yellow Medicine County,Minnesota,27.17,2.53,92,24.64
2017,MN-001,Aitkin County,Minnesota,35.41,8.45,121,26.96
2017,MN-003,Anoka County,Minnesota,38.02,8.81,120,29.21
2017,MN-005,Becker County,Minnesota,29.09,5.34,115,23.75
2017,MN-007,Beltrami County,Minnesota,24.57,1.06,78,23.51
2017,MN-009,Benton County,Minnesota,34.15,7.46,114,26.69
2017,MN-011,Big Stone County,Minnesota,26.51,3.9,96,22.61
2017,MN-013,Blue Earth County,Minnesota,47.49,18.64,129,28.85
2017,MN-015,Brown County,Minnesota,42.73,14.9,129,27.83
2017,MN-017,Carlton County,Minnesota,35.85,7.88,118,27.97
2017,MN-019,Carver County,Minnesota,37.31,8.77,122,28.54
2017,MN-021,Cass County,Minnesota,28.97,3.41,105,25.56
2017,MN-023,Chippewa County,Minnesota,34.66,9.94,123,24.72
2017,MN-025,Chisago County,Minnesota,36.98,7.7,117,29.28
2017,MN-027,Clay County,Minnesota,27.69,5.98,117,21.71
2017,MN-029,Clearwater County,Minnesota,23.3,-0.27,53,23.57
2017,MN-031,Cook County,Minnesota,37.67,8.38,124,29.29
2017,MN-033,Cottonwood County,Minnesota,40.05,13.19,124,26.86
2017,MN-035,Crow Wing County,Minnesota,35.41,9.68,126,25.73
2017,MN-037,Dakota County,Minnesota,38.77,9.44,122,29.33
2017,MN-039,Dodge County,Minnesota,47.79,17.54,128,30.25
2017,MN-041,Douglas County,Minnesota,27.76,2.94,95,24.82
2017,MN-043,Faribault County,Minnesota,43.8,14.19,127,29.61
2017,MN-045,Fillmore County,Minnesota,50.1,18.07,129,32.03
2017,MN-047,Freeborn County,Minnesota,48.47,17.65,129,30.82
2017,MN-049,Goodhue County,Minnesota,45.46,15.66,128,29.8
2017,MN-051,Grant County,Minnesota,25.84,2.38,92,23.46
2017,MN-053,Hennepin County,Minnesota,38.94,9.95,125,28.99
2017,MN-055,Houston County,Minnesota,50.31,18.03,128,32.28
2017,MN-057,Hubbard County,Minnesota,26.51,1.3,81,25.21
2017,MN-059,Isanti County,Minnesota,37.83,9.03,122,28.8
2017,MN-061,Itasca County,Minnesota,30.6,5.2,117,25.4
2017,MN-063,Jackson County,Minnesota,38.81,11.33,125,27.48
2017,MN-065,Kanabec County,Minnesota,38.92,11.01,124,27.91
2017,MN-067,Kandiyohi County,Minnesota,33.51,8.16,117,25.35
2017,MN-069,Kittson County,Minnesota,29.26,9.07,127,20.19
2017,MN-071,Koochiching County,Minnesota,31.01,5.4,118,25.61
2017,MN-073,Lac qui Parle County,Minnesota,32.17,8.28,119,23.89
2017,MN-075,Lake County,Minnesota,35.24,6.62,123,28.62
2017,MN-077,Lake of the Woods County,Minnesota,28.7,5.81,117,22.89
2017,MN-079,Le Sueur County,Minnesota,44.32,15.19,128,29.13
2017,MN-081,Lincoln County,Minnesota,30.48,5.91,113,24.57
2017,MN-083,Lyon County,Minnesota,31.9,7.06,112,24.84
2017,MN-085,McLeod County,Minnesota,33.28,5.66,111,27.62
2017,MN-087,Mahnomen County,Minnesota,27.66,4.66,108,23
2017,MN-089,Marshall County,Minnesota,28.07,7.46,127,20.61
2017,MN-091,Martin County,Minnesota,41.43,12.81,126,28.62
2017,MN-093,Meeker County,Minnesota,31.2,5.06,104,26.14
2017,MN-095,Mille Lacs County,Minnesota,36.1,8.6,120,27.5
2017,MN-097,Morrison County,Minnesota,34.59,8.73,123,25.86
2017,MN-099,Mower County,Minnesota,48.78,17.14,129,31.64
2017,MN-101,Murray County,Minnesota,34.07,8.03,118,26.04
2017,MN-103,Nicollet County,Minnesota,41.53,12.56,129,28.97
2017,MN-105,Nobles County,Minnesota,36.89,9.81,123,27.08
2017,MN-107,Norman County,Minnesota,28.14,6.71,122,21.43
2017,MN-109,Olmsted County,Minnesota,46.25,15.3,128,30.95
2017,MN-111,Otter Tail County,Minnesota,30.54,6.53,116,24.01
2017,MN-113,Pennington County,Minnesota,25.77,4.49,110,21.28
2017,MN-115,Pine County,Minnesota,37.86,9.09,122,28.77
2017,MN-117,Pipestone County,Minnesota,31.7,6.71,112,24.99
2017,MN-119,Polk County,Minnesota,28.02,6.89,125,21.13
2017,MN-121,Pope County,Minnesota,30.07,5.65,110,24.42
2017,MN-123,Ramsey County,Minnesota,40.73,11.6,127,29.13
2017,MN-125,Red Lake County,Minnesota,26.16,4.62,107,21.54
2017,MN-127,Redwood County,Minnesota,36.99,11.06,123,25.93
2017,MN-129,Renville County,Minnesota,35.56,9.12,123,26.44
2017,MN-131,Rice County,Minnesota,46.12,16.8,128,29.32
2017,MN-133,Rock County,Minnesota,31.98,5.95,110,26.03
2017,MN-135,Roseau County,Minnesota,29.39,8.12,127,21.27
2017,MN-137,St. Louis County,Minnesota,33.78,6.58,122,27.2
2017,MN-139,Scott County,Minnesota,37.88,8.94,121,28.95
2017,MN-141,Sherburne County,Minnesota,33.74,6.03,108,27.71
2017,MN-143,Sibley County,Minnesota,36.27,7.69,118,28.59
2017,MN-145,Stearns County,Minnesota,32.74,7.33,115,25.41
2017,MN-147,Steele County,Minnesota,49.64,20.02,128,29.62
2017,MN-149,Stevens County,Minnesota,27.33,4.02,100,23.31
2017,MN-151,Swift County,Minnesota,31.35,7.2,115,24.15
2017,MN-153,Todd County,Minnesota,31.48,6.43,113,25.05
2017,MN-155,Traverse County,Minnesota,24.57,2.47,91,22.1
2017,MN-157,Wabasha County,Minnesota,46.26,15.63,128,30.63
2017,MN-159,Wadena County,Minnesota,30.86,5.49,114,25.37
2017,MN-161,Waseca County,Minnesota,49.21,20.03,129,29.18
2017,MN-163,Washington County,Minnesota,39.56,10.12,122,29.44
2017,MN-165,Watonwan County,Minnesota,48.94,20.88,129,28.07
2017,MN-167,Wilkin County,Minnesota,27.56,5.38,113,22.18
2017,MN-169,Winona County,Minnesota,48.47,16.6,128,31.87
2017,MN-171,Wright County,Minnesota,34.74,7.11,116,27.63
2017,MN-173,Yellow Medicine County,Minnesota,32.6,7.96,119,24.64
2018,MN-001,Aitkin County,Minnesota,31.89,4.93,107,26.96
2018,MN-003,Anoka County,Minnesota,31.42,2.21,86,29.21
2018,MN-005,Becker County,Minnesota,21.46,-2.29,33,23.75
2018,MN-007,Beltrami County,Minnesota,18.68,-4.83,11,23.51
2018,MN-009,Benton County,Minnesota,31.3,4.61,100,26.69
2018,MN-011,Big Stone County,Minnesota,24.92,2.31,88,22.61
2018,MN-013,Blue Earth County,Minnesota,29.41,0.56,69,28.85
2018,MN-015,Brown County,Minnesota,31.21,3.38,100,27.83
2018,MN-017,Carlton County,Minnesota,34.06,6.09,111,27.97
2018,MN-019,Carver County,Minnesota,30.91,2.37,81,28.54
2018,MN-021,Cass County,Minnesota,26.6,1.04,70,25.56
2018,MN-023,Chippewa County,Minnesota,29,4.28,101,24.72
2018,MN-025,Chisago County,Minnesota,30.91,1.63,81,29.28
2018,MN-027,Clay County,Minnesota,17.78,-3.93,16,21.71
2018,MN-029,Clearwater County,Minnesota,18.89,-4.68,14,23.57
2018,MN-031,Cook County,Minnesota,36.2,6.91,119,29.29
2018,MN-033,Cottonwood County,Minnesota,32.65,5.79,107,26.86
2018,MN-035,Crow Wing County,Minnesota,32.06,6.33,112,25.73
2018,MN-037,Dakota County,Minnesota,33.08,3.75,93,29.33
2018,MN-039,Dodge County,Minnesota,34.43,4.18,91,30.25
2018,MN-041,Douglas County,Minnesota,29.43,4.61,105,24.82
2018,MN-043,Faribault County,Minnesota,29.8,0.19,66,29.61
2018,MN-045,Fillmore County,Minnesota,33.88,1.85,78,32.03
2018,MN-047,Freeborn County,Minnesota,34.02,3.2,91,30.82
2018,MN-049,Goodhue County,Minnesota,35.1,5.3,101,29.8
2018,MN-051,Grant County,Minnesota,25.02,1.56,81,23.46
2018,MN-053,Hennepin County,Minnesota,32.23,3.24,91,28.99
2018,MN-055,Houston County,Minnesota,35.51,3.23,90,32.28
2018,MN-057,Hubbard County,Minnesota,21.99,-3.22,30,25.21
2018,MN-059,Isanti County,Minnesota,33.7,4.9,101,28.8
2018,MN-061,Itasca County,Minnesota,27.29,1.89,81,25.4
2018,MN-063,Jackson County,Minnesota,33.05,5.57,106,27.48
2018,MN-065,Kanabec County,Minnesota,35.15,7.24,113,27.91
2018,MN-067,Kandiyohi County,Minnesota,30.3,4.95,100,25.35
2018,MN-069,Kittson County,Minnesota,14.46,-5.73,8,20.19
2018,MN-071,Koochiching County,Minnesota,22.23,-3.38,31,25.61
2018,MN-073,Lac qui Parle County,Minnesota,27.1,3.21,92,23.89
2018,MN-075,Lake County,Minnesota,34.67,6.05,119,28.62
2018,MN-077,Lake of the Woods County,Minnesota,19.38,-3.51,22,22.89
2018,MN-079,Le Sueur County,Minnesota,29.82,0.69,66,29.13
2018,MN-081,Lincoln County,Minnesota,28.04,3.47,94,24.57
2018,MN-083,Lyon County,Minnesota,28.65,3.81,96,24.84
2018,MN-085,McLeod County,Minnesota,24.15,-3.47,37,27.62
2018,MN-087,Mahnomen County,Minnesota,19.66,-3.34,25,23
2018,MN-089,Marshall County,Minnesota,18.04,-2.57,34,20.61
2018,MN-091,Martin County,Minnesota,29.64,1.02,77,28.62
2018,MN-093,Meeker County,Minnesota,27.61,1.47,82,26.14
2018,MN-095,Mille Lacs County,Minnesota,33.45,5.95,107,27.5
2018,MN-097,Morrison County,Minnesota,32.39,6.53,114,25.86
2018,MN-099,Mower County,Minnesota,35.91,4.27,93,31.64
2018,MN-101,Murray County,Minnesota,31.6,5.56,108,26.04
2018,MN-103,Nicollet County,Minnesota,25.89,-3.08,36,28.97
2018,MN-105,Nobles County,Minnesota,29.82,2.74,89,27.08
2018,MN-107,Norman County,Minnesota,17.84,-3.59,20,21.43
2018,MN-109,Olmsted County,Minnesota,36.01,5.06,98,30.95
2018,MN-111,Otter Tail County,Minnesota,26.05,2.04,90,24.01
2018,MN-113,Pennington County,Minnesota,18.2,-3.08,31,21.28
2018,MN-115,Pine County,Minnesota,34.94,6.17,112,28.77
2018,MN-117,Pipestone County,Minnesota,28.64,3.65,95,24.99
2018,MN-119,Polk County,Minnesota,17.91,-3.22,26,21.13
2018,MN-121,Pope County,Minnesota,27.92,3.5,95,24.42
2018,MN-123,Ramsey County,Minnesota,32.38,3.25,92,29.13
2018,MN-125,Red Lake County,Minnesota,18.37,-3.17,31,21.54
2018,MN-127,Redwood County,Minnesota,32.57,6.64,113,25.93
2018,MN-129,Renville County,Minnesota,33.9,7.46,115,26.44
2018,MN-131,Rice County,Minnesota,34.22,4.9,95,29.32
2018,MN-133,Rock County,Minnesota,27.31,1.28,75,26.03
2018,MN-135,Roseau County,Minnesota,18.06,-3.21,25,21.27
2018,MN-137,St. Louis County,Minnesota,31.99,4.79,115,27.2
2018,MN-139,Scott County,Minnesota,32.4,3.46,87,28.95
2018,MN-141,Sherburne County,Minnesota,30.76,3.05,91,27.71
2018,MN-143,Sibley County,Minnesota,25.38,-3.21,40,28.59
2018,MN-145,Stearns County,Minnesota,28.92,3.51,91,25.41
2018,MN-147,Steele County,Minnesota,33.89,4.27,90,29.62
2018,MN-149,Stevens County,Minnesota,26.4,3.09,93,23.31
2018,MN-151,Swift County,Minnesota,27.14,2.99,89,24.15
2018,MN-153,Todd County,Minnesota,32.12,7.07,117,25.05
2018,MN-155,Traverse County,Minnesota,21.06,-1.04,48,22.1
2018,MN-157,Wabasha County,Minnesota,37.62,6.99,108,30.63
2018,MN-159,Wadena County,Minnesota,26.99,1.62,81,25.37
2018,MN-161,Waseca County,Minnesota,32.61,3.43,87,29.18
2018,MN-163,Washington County,Minnesota,31.95,2.51,87,29.44
2018,MN-165,Watonwan County,Minnesota,29.69,1.63,81,28.07
2018,MN-167,Wilkin County,Minnesota,21.16,-1.02,47,22.18
2018,MN-169,Winona County,Minnesota,40.89,9.02,117,31.87
2018,MN-171,Wright County,Minnesota,28.4,0.77,69,27.63
2018,MN-173,Yellow Medicine County,Minnesota,28.54,3.9,100,24.64
2019,MN-001,Aitkin County,Minnesota,32.67,5.71,112,26.96
2019,MN-003,Anoka County,Minnesota,28.12,-1.09,54,29.21
2019,MN-005,Becker County,Minnesota,24.03,0.28,65,23.75
2019,MN-007,Beltrami County,Minnesota,22,-1.51,42,23.51
2019,MN-009,Benton County,Minnesota,28.27,1.58,75,26.69
2019,MN-011,Big Stone County,Minnesota,24.81,2.2,85,22.61
2019,MN-013,Blue Earth County,Minnesota,41.85,13,125,28.85
2019,MN-015,Brown County,Minnesota,41.68,13.85,127,27.83
2019,MN-017,Carlton County,Minnesota,33.33,5.36,109,27.97
2019,MN-019,Carver County,Minnesota,31.8,3.26,88,28.54
2019,MN-021,Cass County,Minnesota,26.65,1.09,72,25.56
2019,MN-023,Chippewa County,Minnesota,34.46,9.74,122,24.72
2019,MN-025,Chisago County,Minnesota,29.65,0.37,71,29.28
2019,MN-027,Clay County,Minnesota,23.74,2.03,90,21.71
2019,MN-029,Clearwater County,Minnesota,23.95,0.38,65,23.57
2019,MN-031,Cook County,Minnesota,30.16,0.87,77,29.29
2019,MN-033,Cottonwood County,Minnesota,43.41,16.55,129,26.86
2019,MN-035,Crow Wing County,Minnesota,29.32,3.59,94,25.73
2019,MN-037,Dakota County,Minnesota,32.56,3.23,88,29.33
2019,MN-039,Dodge County,Minnesota,40.28,10.03,121,30.25
2019,MN-041,Douglas County,Minnesota,26.28,1.46,85,24.82
2019,MN-043,Faribault County,Minnesota,43.09,13.48,125,29.61
2019,MN-045,Fillmore County,Minnesota,49.85,17.82,128,32.03
2019,MN-047,Freeborn County,Minnesota,45.1,14.28,126,30.82
2019,MN-049,Goodhue County,Minnesota,37.08,7.28,111,29.8
2019,MN-051,Grant County,Minnesota,25.81,2.35,91,23.46
2019,MN-053,Hennepin County,Minnesota,29.86,0.87,72,28.99
2019,MN-055,Houston County,Minnesota,52.14,19.86,129,32.28
2019,MN-057,Hubbard County,Minnesota,24.67,-0.54,57,25.21
2019,MN-059,Isanti County,Minnesota,30.05,1.25,76,28.8
2019,MN-061,Itasca County,Minnesota,26.77,1.37,71,25.4
2019,MN-063,Jackson County,Minnesota,46.24,18.76,129,27.48
2019,MN-065,Kanabec County,Minnesota,31.81,3.9,93,27.91
2019,MN-067,Kandiyohi County,Minnesota,32.53,7.18,111,25.35
2019,MN-069,Kittson County,Minnesota,17.5,-2.69,34,20.19
2019,MN-071,Koochiching County,Minnesota,24.87,-0.74,47,25.61
2019,MN-073,Lac qui Parle County,Minnesota,29.88,5.99,110,23.89
2019,MN-075,Lake County,Minnesota,30.98,2.36,88,28.62
2019,MN-077,Lake of the Woods County,Minnesota,18.78,-4.11,18,22.89
2019,MN-079,Le Sueur County,Minnesota,33.47,4.34,101,29.13
2019,MN-081,Lincoln County,Minnesota,37.18,12.61,126,24.57
2019,MN-083,Lyon County,Minnesota,40.36,15.52,128,24.84
2019,MN-085,McLeod County,Minnesota,29.85,2.23,89,27.62
2019,MN-087,Mahnomen County,Minnesota,24.34,1.34,77,23
2019,MN-089,Marshall County,Minnesota,20.09,-0.52,54,20.61
2019,MN-091,Martin County,Minnesota,45.66,17.04,129,28.62
2019,MN-093,Meeker County,Minnesota,27.22,1.08,77,26.14
2019,MN-095,Mille Lacs County,Minnesota,30.06,2.56,82,27.5
2019,MN-097,Morrison County,Minnesota,28.34,2.48,81,25.86
2019,MN-099,Mower County,Minnesota,44.14,12.5,126,31.64
2019,MN-101,Murray County,Minnesota,43.42,17.38,128,26.04
2019,MN-103,Nicollet County,Minnesota,32.32,3.35,97,28.97
2019,MN-105,Nobles County,Minnesota,44.64,17.56,129,27.08
2019,MN-107,Norman County,Minnesota,23.08,1.65,75,21.43
2019,MN-109,Olmsted County,Minnesota,40.97,10.02,119,30.95
2019,MN-111,Otter Tail County,Minnesota,26.19,2.18,92,24.01
2019,MN-113,Pennington County,Minnesota,20.55,-0.73,54,21.28
2019,MN-115,Pine County,Minnesota,33.3,4.53,100,28.77
2019,MN-117,Pipestone County,Minnesota,38.39,13.4,126,24.99
2019,MN-119,Polk County,Minnesota,22.05,0.92,76,21.13
2019,MN-121,Pope County,Minnesota,27.23,2.81,88,24.42
2019,MN-123,Ramsey County,Minnesota,31.16,2.03,79,29.13
2019,MN-125,Red Lake County,Minnesota,21.05,-0.49,58,21.54
2019,MN-127,Redwood County,Minnesota,41.18,15.25,129,25.93
2019,MN-129,Renville County,Minnesota,38.74,12.3,128,26.44
2019,MN-131,Rice County,Minnesota,38.55,9.23,119,29.32
2019,MN-133,Rock County,Minnesota,39.84,13.81,128,26.03
2019,MN-135,Roseau County,Minnesota,19.45,-1.82,43,21.27
2019,MN-137,St. Louis County,Minnesota,27.95,0.75,69,27.2
2019,MN-139,Scott County,Minnesota,33.01,4.07,91,28.95
2019,MN-141,Sherburne County,Minnesota,26.8,-0.91,52,27.71
2019,MN-143,Sibley County,Minnesota,31.69,3.11,93,28.59
2019,MN-145,Stearns County,Minnesota,27.01,1.6,77,25.41
2019,MN-147,Steele County,Minnesota,41.07,11.45,124,29.62
2019,MN-149,Stevens County,Minnesota,26.78,3.47,95,23.31
2019,MN-151,Swift County,Minnesota,29.79,5.64,107,24.15
2019,MN-153,Todd County,Minnesota,28.24,3.19,90,25.05
2019,MN-155,Traverse County,Minnesota,24.02,1.92,80,22.1
2019,MN-157,Wabasha County,Minnesota,39.97,9.34,119,30.63
2019,MN-159,Wadena County,Minnesota,25.85,0.48,71,25.37
2019,MN-161,Waseca County,Minnesota,41.11,11.93,123,29.18
2019,MN-163,Washington County,Minnesota,31.31,1.87,81,29.44
2019,MN-165,Watonwan County,Minnesota,46.27,18.21,128,28.07
2019,MN-167,Wilkin County,Minnesota,24.73,2.55,90,22.18
2019,MN-169,Winona County,Minnesota,44.16,12.29,125,31.87
2019,MN-171,Wright County,Minnesota,27.35,-0.28,60,27.63
2019,MN-173,Yellow Medicine County,Minnesota,36.28,11.64,126,24.64
2020,MN-001,Aitkin County,Minnesota,36.37,9.41,126,26.96
2020,MN-003,Anoka County,Minnesota,39.02,9.81,125,29.21
2020,MN-005,Becker County,Minnesota,31.66,7.91,124,23.75
2020,MN-007,Beltrami County,Minnesota,30.05,6.54,124,23.51
2020,MN-009,Benton County,Minnesota,40.53,13.84,129,26.69
2020,MN-011,Big Stone County,Minnesota,32.84,10.23,128,22.61
2020,MN-013,Blue Earth County,Minnesota,43.95,15.1,128,28.85
2020,MN-015,Brown County,Minnesota,40.64,12.81,126,27.83
2020,MN-017,Carlton County,Minnesota,38.47,10.5,126,27.97
2020,MN-019,Carver County,Minnesota,40.38,11.84,129,28.54
2020,MN-021,Cass County,Minnesota,32.73,7.17,124,25.56
2020,MN-023,Chippewa County,Minnesota,36.47,11.75,128,24.72
2020,MN-025,Chisago County,Minnesota,40.14,10.86,125,29.28
2020,MN-027,Clay County,Minnesota,31.58,9.87,128,21.71
2020,MN-029,Clearwater County,Minnesota,30.92,7.35,126,23.57
2020,MN-031,Cook County,Minnesota,34.2,4.91,107,29.29
2020,MN-033,Cottonwood County,Minnesota,41.77,14.91,127,26.86
2020,MN-035,Crow Wing County,Minnesota,36.85,11.12,129,25.73
2020,MN-037,Dakota County,Minnesota,41.2,11.87,128,29.33
2020,MN-039,Dodge County,Minnesota,51,20.75,129,30.25
2020,MN-041,Douglas County,Minnesota,32.74,7.92,122,24.82
2020,MN-043,Faribault County,Minnesota,43.96,14.35,128,29.61
2020,MN-045,Fillmore County,Minnesota,48.87,16.84,127,32.03
2020,MN-047,Freeborn County,Minnesota,45.2,14.38,127,30.82
2020,MN-049,Goodhue County,Minnesota,46.55,16.75,129,29.8
2020,MN-051,Grant County,Minnesota,32.47,9.01,126,23.46
2020,MN-053,Hennepin County,Minnesota,41.41,12.42,128,28.99
2020,MN-055,Houston County,Minnesota,47.35,15.07,127,32.28
2020,MN-057,Hubbard County,Minnesota,33.26,8.05,123,25.21
2020,MN-059,Isanti County,Minnesota,39.55,10.75,124,28.8
2020,MN-061,Itasca County,Minnesota,29.54,4.14,110,25.4
2020,MN-063,Jackson County,Minnesota,43.09,15.61,127,27.48
2020,MN-065,Kanabec County,Minnesota,41.09,13.18,128,27.91
2020,MN-067,Kandiyohi County,Minnesota,36.55,11.2,126,25.35
2020,MN-069,Kittson County,Minnesota,24.84,4.65,114,20.19
2020,MN-071,Koochiching County,Minnesota,32.41,6.8,125,25.61
2020,MN-073,Lac qui Parle County,Minnesota,35.14,11.25,128,23.89
2020,MN-075,Lake County,Minnesota,32.97,4.35,105,28.62
2020,MN-077,Lake of the Woods County,Minnesota,29.52,6.63,122,22.89
2020,MN-079,Le Sueur County,Minnesota,44.95,15.82,129,29.13
2020,MN-081,Lincoln County,Minnesota,42.12,17.55,129,24.57
2020,MN-083,Lyon County,Minnesota,41.93,17.09,129,24.84
2020,MN-085,McLeod County,Minnesota,34.38,6.76,119,27.62
2020,MN-087,Mahnomen County,Minnesota,30.86,7.86,126,23
2020,MN-089,Marshall County,Minnesota,28.55,7.94,128,20.61
2020,MN-091,Martin County,Minnesota,42.41,13.79,127,28.62
2020,MN-093,Meeker County,Minnesota,34.63,8.49,118,26.14
2020,MN-095,Mille Lacs County,Minnesota,38.23,10.73,125,27.5
2020,MN-097,Morrison County,Minnesota,37.7,11.84,129,25.86
2020,MN-099,Mower County,Minnesota,47.88,16.24,128,31.64
2020,MN-101,Murray County,Minnesota,42.07,16.03,127,26.04
2020,MN-103,Nicollet County,Minnesota,41.03,12.06,126,28.97
2020,MN-105,Nobles County,Minnesota,43.19,16.11,127,27.08
2020,MN-107,Norman County,Minnesota,31.33,9.9,129,21.43
2020,MN-109,Olmsted County,Minnesota,50.67,19.72,129,30.95
2020,MN-111,Otter Tail County,Minnesota,32.41,8.4,127,24.01
2020,MN-113,Pennington County,Minnesota,27.67,6.39,124,21.28
2020,MN-115,Pine County,Minnesota,41.52,12.75,128,28.77
2020,MN-117,Pipestone County,Minnesota,40.84,15.85,129,24.99
2020,MN-119,Polk County,Minnesota,29.4,8.27,127,21.13
2020,MN-121,Pope County,Minnesota,34.59,10.17,123,24.42
2020,MN-123,Ramsey County,Minnesota,41.73,12.6,128,29.13
2020,MN-125,Red Lake County,Minnesota,27.29,5.75,118,21.54
2020,MN-127,Redwood County,Minnesota,40.2,14.27,128,25.93
2020,MN-129,Renville County,Minnesota,37.96,11.52,125,26.44
2020,MN-131,Rice County,Minnesota,48.73,19.41,129,29.32
2020,MN-133,Rock County,Minnesota,39.24,13.21,127,26.03
2020,MN-135,Roseau County,Minnesota,29.31,8.04,126,21.27
2020,MN-137,St. Louis County,Minnesota,31.71,4.51,109,27.2
2020,MN-139,Scott County,Minnesota,42.56,13.62,129,28.95
2020,MN-141,Sherburne County,Minnesota,39.96,12.25,129,27.71
2020,MN-143,Sibley County,Minnesota,38.16,9.58,125,28.59
2020,MN-145,Stearns County,Minnesota,39.11,13.7,129,25.41
2020,MN-147,Steele County,Minnesota,49.93,20.31,129,29.62
2020,MN-149,Stevens County,Minnesota,33.55,10.24,129,23.31
2020,MN-151,Swift County,Minnesota,34.94,10.79,128,24.15
2020,MN-153,Todd County,Minnesota,36.62,11.57,129,25.05
2020,MN-155,Traverse County,Minnesota,32.35,10.25,129,22.1
2020,MN-157,Wabasha County,Minnesota,47.85,17.22,129,30.63
2020,MN-159,Wadena County,Minnesota,34.14,8.77,123,25.37
2020,MN-161,Waseca County,Minnesota,46.81,17.63,128,29.18
2020,MN-163,Washington County,Minnesota,41.19,11.75,128,29.44
2020,MN-165,Watonwan County,Minnesota,43,14.94,127,28.07
2020,MN-167,Wilkin County,Minnesota,29.13,6.95,121,22.18
2020,MN-169,Winona County,Minnesota,48.94,17.07,129,31.87
2020,MN-171,Wright County,Minnesota,38.57,10.94,126,27.63
2020,MN-173,Yellow Medicine County,Minnesota,39.26,14.62,129,24.64
2021,MN-001,Aitkin County,Minnesota,26.28,-0.68,51,26.96
2021,MN-003,Anoka County,Minnesota,23.15,-6.06,13,29.21
2021,MN-005,Becker County,Minnesota,22.32,-1.43,47,23.75
2021,MN-007,Beltrami County,Minnesota,22.54,-0.97,51,23.51
2021,MN-009,Benton County,Minnesota,24.79,-1.9,44,26.69
2021,MN-011,Big Stone County,Minnesota,18.3,-4.31,20,22.61
2021,MN-013,Blue Earth County,Minnesota,31.37,2.52,82,28.85
2021,MN-015,Brown County,Minnesota,27.02,-0.81,56,27.83
2021,MN-017,Carlton County,Minnesota,24.41,-3.56,30,27.97
2021,MN-019,Carver County,Minnesota,27.61,-0.93,56,28.54
2021,MN-021,Cass County,Minnesota,23.99,-1.57,41,25.56
2021,MN-023,Chippewa County,Minnesota,21.33,-3.39,27,24.72
2021,MN-025,Chisago County,Minnesota,25.45,-3.83,33,29.28
2021,MN-027,Clay County,Minnesota,21.66,-0.05,55,21.71
2021,MN-029,Clearwater County,Minnesota,22.37,-1.2,47,23.57
2021,MN-031,Cook County,Minnesota,24.38,-4.91,17,29.29
2021,MN-033,Cottonwood County,Minnesota,24.85,-2.01,47,26.86
2021,MN-035,Crow Wing County,Minnesota,24.78,-0.95,47,25.73
2021,MN-037,Dakota County,Minnesota,30.19,0.86,68,29.33
2021,MN-039,Dodge County,Minnesota,32.86,2.61,84,30.25
2021,MN-041,Douglas County,Minnesota,22.27,-2.55,33,24.82
2021,MN-043,Faribault County,Minnesota,28.72,-0.89,58,29.61
2021,MN-045,Fillmore County,Minnesota,30.65,-1.38,50,32.03
2021,MN-047,Freeborn County,Minnesota,31.23,0.41,69,30.82
2021,MN-049,Goodhue County,Minnesota,31.25,1.45,75,29.8
2021,MN-051,Grant County,Minnesota,21.31,-2.15,34,23.46
2021,MN-053,Hennepin County,Minnesota,25.94,-3.05,36,28.99
2021,MN-055,Houston County,Minnesota,33.58,1.3,69,32.28
2021,MN-057,Hubbard County,Minnesota,23.14,-2.07,39,25.21
2021,MN-059,Isanti County,Minnesota,23.6,-5.2,23,28.8
2021,MN-061,Itasca County,Minnesota,25.17,-0.23,52,25.4
2021,MN-063,Jackson County,Minnesota,22.68,-4.8,20,27.48
2021,MN-065,Kanabec County,Minnesota,26.35,-1.56,44,27.91
2021,MN-067,Kandiyohi County,Minnesota,21.57,-3.78,29,25.35
2021,MN-069,Kittson County,Minnesota,21.18,0.99,71,20.19
2021,MN-071,Koochiching County,Minnesota,21.75,-3.86,27,25.61
2021,MN-073,Lac qui Parle County,Minnesota,19.14,-4.75,18,23.89
2021,MN-075,Lake County,Minnesota,22.86,-5.76,13,28.62
2021,MN-077,Lake of the Woods County,Minnesota,18.93,-3.96,19,22.89
2021,MN-079,Le Sueur County,Minnesota,33.45,4.32,100,29.13
2021,MN-081,Lincoln County,Minnesota,21.52,-3.05,33,24.57
2021,MN-083,Lyon County,Minnesota,23.44,-1.4,49,24.84
2021,MN-085,McLeod County,Minnesota,20.82,-6.8,12,27.62
2021,MN-087,Mahnomen County,Minnesota,19.21,-3.79,24,23
2021,MN-089,Marshall County,Minnesota,20.21,-0.4,56,20.61
2021,MN-091,Martin County,Minnesota,25.11,-3.51,31,28.62
2021,MN-093,Meeker County,Minnesota,19.17,-6.97,11,26.14
2021,MN-095,Mille Lacs County,Minnesota,25.06,-2.44,39,27.5
2021,MN-097,Morrison County,Minnesota,25.66,-0.2,55,25.86
2021,MN-099,Mower County,Minnesota,29.95,-1.69,49,31.64
2021,MN-101,Murray County,Minnesota,24.54,-1.5,50,26.04
2021,MN-103,Nicollet County,Minnesota,27.93,-1.04,56,28.97
2021,MN-105,Nobles County,Minnesota,21.52,-5.56,18,27.08
2021,MN-107,Norman County,Minnesota,19.59,-1.84,39,21.43
2021,MN-109,Olmsted County,Minnesota,32.1,1.15,72,30.95
2021,MN-111,Otter Tail County,Minnesota,25.47,1.46,82,24.01
2021,MN-113,Pennington County,Minnesota,20.02,-1.26,50,21.28
2021,MN-115,Pine County,Minnesota,26.08,-2.69,37,28.77
2021,MN-117,Pipestone County,Minnesota,21.7,-3.29,27,24.99
2021,MN-119,Polk County,Minnesota,19.57,-1.56,37,21.13
2021,MN-121,Pope County,Minnesota,21.56,-2.86,28,24.42
2021,MN-123,Ramsey County,Minnesota,25.48,-3.65,35,29.13
2021,MN-125,Red Lake County,Minnesota,19.98,-1.56,46,21.54
2021,MN-127,Redwood County,Minnesota,25.72,-0.21,60,25.93
2021,MN-129,Renville County,Minnesota,23.56,-2.88,36,26.44
2021,MN-131,Rice County,Minnesota,34.2,4.88,94,29.32
2021,MN-133,Rock County,Minnesota,19.8,-6.23,13,26.03
2021,MN-135,Roseau County,Minnesota,20.82,-0.45,59,21.27
2021,MN-137,St. Louis County,Minnesota,23.08,-4.12,18,27.2
2021,MN-139,Scott County,Minnesota,30.21,1.27,73,28.95
2021,MN-141,Sherburne County,Minnesota,23.15,-4.56,22,27.71
2021,MN-143,Sibley County,Minnesota,23.77,-4.82,28,28.59
2021,MN-145,Stearns County,Minnesota,24.31,-1.1,47,25.41
2021,MN-147,Steele County,Minnesota,34.32,4.7,96,29.62
2021,MN-149,Stevens County,Minnesota,18.89,-4.42,18,23.31
2021,MN-151,Swift County,Minnesota,21.34,-2.81,34,24.15
2021,MN-153,Todd County,Minnesota,25.93,0.88,69,25.05
2021,MN-155,Traverse County,Minnesota,18.57,-3.53,22,22.1
2021,MN-157,Wabasha County,Minnesota,31.16,0.53,68,30.63
2021,MN-159,Wadena County,Minnesota,24.05,-1.32,49,25.37
2021,MN-161,Waseca County,Minnesota,33.88,4.7,95,29.18
2021,MN-163,Washington County,Minnesota,27.51,-1.93,43,29.44
2021,MN-165,Watonwan County,Minnesota,28.74,0.68,69,28.07
2021,MN-167,Wilkin County,Minnesota,22.81,0.63,72,22.18
2021,MN-169,Winona County,Minnesota,32.62,0.75,63,31.87
2021,MN-171,Wright County,Minnesota,23.18,-4.45,23,27.63
2021,MN-173,Yellow Medicine County,Minnesota,21.46,-3.18,31,24.64
2022,MN-001,Aitkin County,Minnesota,24.21,-2.75,30,26.96
2022,MN-003,Anoka County,Minnesota,21.57,-7.64,7,29.21
2022,MN-005,Becker County,Minnesota,19.22,-4.53,12,23.75
2022,MN-007,Beltrami County,Minnesota,19.94,-3.57,25,23.51
2022,MN-009,Benton County,Minnesota,24.39,-2.3,40,26.69
2022,MN-011,Big Stone County,Minnesota,29.62,7.01,117,22.61
2022,MN-013,Blue Earth County,Minnesota,25.14,-3.71,30,28.85
2022,MN-015,Brown County,Minnesota,24,-3.83,33,27.83
2022,MN-017,Carlton County,Minnesota,25.46,-2.51,34,27.97
2022,MN-019,Carver County,Minnesota,24.17,-4.37,27,28.54
2022,MN-021,Cass County,Minnesota,22.8,-2.76,29,25.56
2022,MN-023,Chippewa County,Minnesota,28.38,3.66,97,24.72
2022,MN-025,Chisago County,Minnesota,23.63,-5.65,17,29.28
2022,MN-027,Clay County,Minnesota,19.83,-1.88,34,21.71
2022,MN-029,Clearwater County,Minnesota,18.95,-4.62,15,23.57
2022,MN-031,Cook County,Minnesota,26.81,-2.48,32,29.29
2022,MN-033,Cottonwood County,Minnesota,26.54,-0.32,65,26.86
2022,MN-035,Crow Wing County,Minnesota,24.41,-1.32,41,25.73
2022,MN-037,Dakota County,Minnesota,22.97,-6.36,14,29.33
2022,MN-039,Dodge County,Minnesota,28.02,-2.23,43,30.25
2022,MN-041,Douglas County,Minnesota,26.08,1.26,83,24.82
2022,MN-043,Faribault County,Minnesota,24.71,-4.9,24,29.61
2022,MN-045,Fillmore County,Minnesota,30,-2.03,42,32.03
2022,MN-047,Freeborn County,Minnesota,28.91,-1.91,46,30.82
2022,MN-049,Goodhue County,Minnesota,25.59,-4.21,28,29.8
2022,MN-051,Grant County,Minnesota,25.21,1.75,84,23.46
2022,MN-053,Hennepin County,Minnesota,23.42,-5.57,16,28.99
2022,MN-055,Houston County,Minnesota,32.01,-0.27,54,32.28
2022,MN-057,Hubbard County,Minnesota,20.67,-4.54,17,25.21
2022,MN-059,Isanti County,Minnesota,21.69,-7.11,12,28.8
2022,MN-061,Itasca County,Minnesota,21.49,-3.91,21,25.4
2022,MN-063,Jackson County,Minnesota,27.77,0.29,69,27.48
2022,MN-065,Kanabec County,Minnesota,24.57,-3.34,32,27.91
2022,MN-067,Kandiyohi County,Minnesota,24.33,-1.02,52,25.35
2022,MN-069,Kittson County,Minnesota,15.85,-4.34,18,20.19
2022,MN-071,Koochiching County,Minnesota,20.86,-4.75,14,25.61
2022,MN-073,Lac qui Parle County,Minnesota,28.6,4.71,103,23.89
2022,MN-075,Lake County,Minnesota,25.94,-2.68,31,28.62
2022,MN-077,Lake of the Woods County,Minnesota,20.89,-2,40,22.89
2022,MN-079,Le Sueur County,Minnesota,26.23,-2.9,36,29.13
2022,MN-081,Lincoln County,Minnesota,26.15,1.58,79,24.57
2022,MN-083,Lyon County,Minnesota,25.39,0.55,72,24.84
2022,MN-085,McLeod County,Minnesota,21.25,-6.37,15,27.62
2022,MN-087,Mahnomen County,Minnesota,18.37,-4.63,13,23
2022,MN-089,Marshall County,Minnesota,16.24,-4.37,19,20.61
2022,MN-091,Martin County,Minnesota,25.92,-2.7,38,28.62
2022,MN-093,Meeker County,Minnesota,19.15,-6.99,10,26.14
2022,MN-095,Mille Lacs County,Minnesota,24.19,-3.31,31,27.5
2022,MN-097,Morrison County,Minnesota,25.22,-0.64,49,25.86
2022,MN-099,Mower County,Minnesota,30.59,-1.05,55,31.64
2022,MN-101,Murray County,Minnesota,26.94,0.9,74,26.04
2022,MN-103,Nicollet County,Minnesota,25.03,-3.94,30,28.97
2022,MN-105,Nobles County,Minnesota,25.88,-1.2,57,27.08
2022,MN-107,Norman County,Minnesota,19.42,-2.01,37,21.43
2022,MN-109,Olmsted County,Minnesota,28.69,-2.26,41,30.95
2022,MN-111,Otter Tail County,Minnesota,22.37,-1.64,39,24.01
2022,MN-113,Pennington County,Minnesota,16.36,-4.92,14,21.28
2022,MN-115,Pine County,Minnesota,26.65,-2.12,41,28.77
2022,MN-117,Pipestone County,Minnesota,26.5,1.51,82,24.99
2022,MN-119,Polk County,Minnesota,18.05,-3.08,28,21.13
2022,MN-121,Pope County,Minnesota,28.53,4.11,105,24.42
2022,MN-123,Ramsey County,Minnesota,24.11,-5.02,22,29.13
2022,MN-125,Red Lake County,Minnesota,17.32,-4.22,24,21.54
2022,MN-127,Redwood County,Minnesota,23.57,-2.36,45,25.93
2022,MN-129,Renville County,Minnesota,21.7,-4.74,22,26.44
2022,MN-131,Rice County,Minnesota,25.57,-3.75,33,29.32
2022,MN-133,Rock County,Minnesota,27.5,1.47,78,26.03
2022,MN-135,Roseau County,Minnesota,18.34,-2.93,29,21.27
2022,MN-137,St. Louis County,Minnesota,24.04,-3.16,25,27.2
2022,MN-139,Scott County,Minnesota,24.69,-4.26,32,28.95
2022,MN-141,Sherburne County,Minnesota,21.37,-6.34,12,27.71
2022,MN-143,Sibley County,Minnesota,23.41,-5.18,24,28.59
2022,MN-145,Stearns County,Minnesota,26.21,0.8,68,25.41
2022,MN-147,Steele County,Minnesota,27.12,-2.5,37,29.62
2022,MN-149,Stevens County,Minnesota,27.59,4.28,103,23.31
2022,MN-151,Swift County,Minnesota,30.13,5.98,108,24.15
2022,MN-153,Todd County,Minnesota,26.12,1.07,70,25.05
2022,MN-155,Traverse County,Minnesota,27.84,5.74,110,22.1
2022,MN-157,Wabasha County,Minnesota,30.05,-0.58,54,30.63
2022,MN-159,Wadena County,Minnesota,22.42,-2.95,30,25.37
2022,MN-161,Waseca County,Minnesota,24.93,-4.25,23,29.18
2022,MN-163,Washington County,Minnesota,23.5,-5.94,13,29.44
2022,MN-165,Watonwan County,Minnesota,25.93,-2.14,42,28.07
2022,MN-167,Wilkin County,Minnesota,20.74,-1.44,39,22.18
2022,MN-169,Winona County,Minnesota,33.72,1.85,77,31.87
2022,MN-171,Wright County,Minnesota,20.86,-6.77,10,27.63
2022,MN-173,Yellow Medicine County,Minnesota,26.47,1.83,82,24.64
